checked_at	slot	symbol	mint	list_net_pct	buy_pool	sell_pool	net_0.001	net_0.1	net_0.5	net_2
2026-09-20T18:24:32.652Z	448811723	neet	Ce2gx9KGXJ6C9Mp5b5x1sn9Mg87JwEbrQby4Zqo3pump	35.408	A dlmm bin 100	B dlmm bin 80				
2026-09-20T18:24:32.652Z	448811723	neet	Ce2gx9KGXJ6C9Mp5b5x1sn9Mg87JwEbrQby4Zqo3pump	35.408	B dlmm bin 80	A dlmm bin 100	-29.9029	-29.9028	-29.9028	-30.3315
2026-09-20T18:24:33.622Z	448811728	arc	61V8vBaqAGMpgDQi4JcAwo1dmBGHsyhzodcPqnEVpump	5.572	A dlmm bin 20	B dlmm bin 100	-12.6873	-12.6891	-14.2295	-20.2986
2026-09-20T18:24:33.622Z	448811728	arc	61V8vBaqAGMpgDQi4JcAwo1dmBGHsyhzodcPqnEVpump	5.572	B dlmm bin 100	A dlmm bin 20	-5.9210	-5.9982	-8.3744	
2026-09-20T18:24:34.714Z	448811730	Fartcoin	9BB6NFEcjBCtnNLFko2FqVQBq8HHM13kCyYcdQbgpump	1.232	A dlmm bin 20	B dlmm bin 200	-1.0016	-1.0023	-1.0023	-2.7808
2026-09-20T18:24:34.714Z	448811730	Fartcoin	9BB6NFEcjBCtnNLFko2FqVQBq8HHM13kCyYcdQbgpump	1.232	B dlmm bin 200	A dlmm bin 20	-3.1598	-3.1596	-3.1596	-4.9074
2026-09-20T18:24:35.330Z	448811735	Bonk	DezXAZ8z7PnrnRJjz3wXBoRgixCa6xjnB7YaB1pPB263	0.365	A dlmm bin 100	B dlmm bin 8	-0.6401	-0.6400	-0.7997	
2026-09-20T18:24:35.330Z	448811735	Bonk	DezXAZ8z7PnrnRJjz3wXBoRgixCa6xjnB7YaB1pPB263	0.365	B dlmm bin 8	A dlmm bin 100	-0.9680	-1.0475	-1.2019	-1.8369
2026-09-20T18:24:36.405Z	448811739	KMNO	KMNo3nJsBXfcpJTVhZcXLW7RmTwTt4GVFE7suUBo9sS	0.188	A dlmm bin 100	B dlmm bin 100	-1.8383	-1.8381	-2.1220	-3.0511
2026-09-20T18:24:36.405Z	448811739	KMNO	KMNo3nJsBXfcpJTVhZcXLW7RmTwTt4GVFE7suUBo9sS	0.188	B dlmm bin 100	A dlmm bin 100	-0.8267	-0.8267	-0.8312	-1.8698
2026-09-20T18:24:36.860Z	448811741	JTO	jtojtomepa8beP8AuQc6eXt5FriJwfFMwQx2v2f9mCL	0.062	A dlmm bin 125	B dlmm bin 25	-1.4315	-1.4345	-2.0033	-3.8268
2026-09-20T18:24:36.860Z	448811741	JTO	jtojtomepa8beP8AuQc6eXt5FriJwfFMwQx2v2f9mCL	0.062	B dlmm bin 25	A dlmm bin 125	-1.0554	-1.0553	-1.0553	-1.3281
2026-09-20T18:24:37.625Z	448811742	jellyjelly	FeR8VBqNRSUD5NtXAj2n3j1dAHkZHfyDktKuLXD4pump	0.009	A dlmm bin 20	B dlmm bin 80	-0.0428	-11.7334	-23.9199	
2026-09-20T18:24:37.625Z	448811742	jellyjelly	FeR8VBqNRSUD5NtXAj2n3j1dAHkZHfyDktKuLXD4pump	0.009	B dlmm bin 80	A dlmm bin 20	-2.5489	-11.7279		
2026-09-20T19:04:54.692Z	448820772	zBTC	zBTCug3er3tLyffELcvDNrKkCymbPWysGcWihESYfLg	-0.275	A dlmm bin 15	B dlmm bin 20	-1.0520	-0.6158	-0.6216	-0.6691
2026-09-20T19:04:54.692Z	448820772	zBTC	zBTCug3er3tLyffELcvDNrKkCymbPWysGcWihESYfLg	-0.275	B dlmm bin 20	A dlmm bin 15	-1.1285	-0.4349	-0.4290	-0.4727
2026-09-20T19:04:55.774Z	448820775	Fartcoin	9BB6NFEcjBCtnNLFko2FqVQBq8HHM13kCyYcdQbgpump	-0.724	A dlmm bin 20	B dlmm bin 80	-0.7254	-0.7251	-0.7251	-1.8812
2026-09-20T19:04:55.774Z	448820775	Fartcoin	9BB6NFEcjBCtnNLFko2FqVQBq8HHM13kCyYcdQbgpump	-0.724	B dlmm bin 80	A dlmm bin 20	-1.4691	-2.2001	-2.2444	-3.4455
2026-09-21T18:41:35.149Z	449138923	ZEREBRO	8x5VqbHA8D7NkD52uNuS5nnt3PwA8pLD34ymskeSo2Wn	122.020	A dlmm dlmm	B dlmm dlmm				
2026-09-21T18:41:35.149Z	449138923	ZEREBRO	8x5VqbHA8D7NkD52uNuS5nnt3PwA8pLD34ymskeSo2Wn	122.020	B dlmm dlmm	A dlmm dlmm	-56.7217	-56.7526	-57.0993	
2026-09-21T18:41:40.829Z	449138935	JUP	JUPyiwrYJFskUPiHa7hkeR8VUtAeFoSYbKedZNsDvCN	32.666	A dlmm dlmm	B dlmm dlmm				
2026-09-21T18:41:40.829Z	449138935	JUP	JUPyiwrYJFskUPiHa7hkeR8VUtAeFoSYbKedZNsDvCN	32.666	B dlmm dlmm	A dlmm dlmm	-25.1630			
2026-09-21T18:41:43.585Z	449138944	TRUMP	6p6xgHyF7AeE6TZkSmFsko444wqoP15icUSqi2jfGiPN	29.506	A dlmm dlmm	B dlmm dlmm				
2026-09-21T18:41:43.585Z	449138944	TRUMP	6p6xgHyF7AeE6TZkSmFsko444wqoP15icUSqi2jfGiPN	29.506	B dlmm dlmm	A dlmm dlmm				
2026-09-21T18:41:44.648Z	449138953	PEPE	PEPEqnuuCDbBC89p1u9vpnP1KQ2oj1xTcQBsjt9X55m	28.523	A damm damm	B dlmm dlmm				
2026-09-21T18:41:44.648Z	449138953	PEPE	PEPEqnuuCDbBC89p1u9vpnP1KQ2oj1xTcQBsjt9X55m	28.523	B dlmm dlmm	A damm damm				
