symbol	mint	holders	verified	pools	token_vol24h	buy_venue	buy_pool	buy_detail	buy_fee_pct	buy_tvl	buy_vol24h	sell_venue	sell_pool	sell_detail	sell_fee_pct	sell_tvl	sell_vol24h	gap_pct	fees_pct	net_pct
Fartcoin	9BB6NFEcjBCtnNLFko2FqVQBq8HHM13kCyYcdQbgpump	184921	true	3	61130	dlmm	4tzcBaHpoH1wceywe7vzcYkgBesSi2WjygQr7oHSbCBt	bin 200	0.800	7050	1211	dlmm	6wJ7W3oHj7ex6MVFp2o26NSof3aey7U8Brs8E371WCXA	bin 20	0.201	141693	57122	1.954	1.001	0.954
KMNO	KMNo3nJsBXfcpJTVhZcXLW7RmTwTt4GVFE7suUBo9sS	54718	true	2	127614	dlmm	4UopaeYzxPyHtSYcvb1Cj9U3Z8uUf3yngsrTExqi2JAh	bin 100	0.010	42841	125085	dlmm	5LziHU8Z1iKadAmPFWQi2Rn2MvTvXYKVFt1ZDevbvKFx	bin 100	0.800	39544	2529	1.000	0.810	0.190
SKR	SKRbvo6Gf7GondiT3BbTfuRDPqLWei4j2Qy2NPGZhW3	45708	true	4	158774	dlmm	BCv5Ggg5563AYfkrErdXok2hKfjgUNtQ1A4yKuNbTjQ9	bin 10	0.101	6102	33599	dlmm	CFC6n181TdaxSZWNxYH5MmoLsVAf2V94bzWSbdhu8TgH	bin 20	0.202	170234	121616	0.186	0.302	-0.117
Bonk	DezXAZ8z7PnrnRJjz3wXBoRgixCa6xjnB7YaB1pPB263	1021556	true	3	91219	dlmm	7eexH14UjhNxJe6zTT3f1Vb1E8iACsBMVaWheDEmxdT2	bin 25	0.250	8240	5794	dlmm	6oFWm7KPLfxnwMb3z5xwBoXNSPP3JJyirAPqPSiVcnsp	bin 8	0.058	6613	22343	0.143	0.308	-0.165
zBTC	zBTCug3er3tLyffELcvDNrKkCymbPWysGcWihESYfLg	6409	true	2	22496	dlmm	HWiKAo74K122frSYwwRfERZtwWUjkvdzfgiSpsC276iQ	bin 20	0.200	31482	13332	dlmm	B5KcmVe9VpJuvWVdEphCF25mMbvrEZxXw82A299bwcYK	bin 15	0.151	15861	9165	0.073	0.351	-0.278
FRIES	7hGgx1VtNTj193fFXXuMEkp1MRV6JbWYgMBhHRYxaxu2	4689	false	3	75075	dlmm	69mmpmsCRtGMjfo3iBAhGgL7EqAaZMLBWXs37WQGDEai	bin 200	1.050	9490	34189	dlmm	953MwRPrSjhY6FzjaiGLcEMTKbiXmdfrx6oCs2dx4oAy	bin 80	1.132	7150	14530	1.817	2.182	-0.365
JTO	jtojtomepa8beP8AuQc6eXt5FriJwfFMwQx2v2f9mCL	88657	true	2	44807	dlmm	GZcP3ANuTD15ZrYaF1RacomBKXVCCKvXYyWVDaEDqkKi	bin 125	0.277	7119	7155	dlmm	J8a3ZKcDZA8HSinuCyjJggU8hnDgwkZKmwH8qDZ9nUcY	bin 25	0.250	26956	37652	0.067	0.527	-0.460
SOLPUMP	3VW31dwix6k2EdzhDgZ2zB15J7FbHYQwAUqXgktRcJEX	25949	false	3	32674	damm	C7v2rQAbmSUtrCHFBcvNGPabebHhT2qtb5z1HNm2j8XB	full	0.250	5407	615	dlmm	Hc4oES9yFiTeSp2CeShYJ1R9FLmTaLqJKAokKhdcodmt	bin 100	0.250	99536	30190	0.001	0.500	-0.499
KLED	1zJX5gRnjLgmTpq5sVwkq69mNDQkCemqoasyjaPW6jm	13120	true	3	36256	dlmm	Diy8bJcVUqwEtXaRXBADEKBYSpH8MJNwmJ9vodMsHyKv	bin 50	0.500	28307	30453	dlmm	DDoE5qBrxWRnQ71dWfXfUUag7DkWZDA2b2GPdVivXAbJ	bin 80	1.000	29983	992	0.727	1.500	-0.773
META	METAwkXcqyXKy1AtsSgJ8JiUHwGCafnZL38n3vYmeta	6501	true	2	64631	dlmm	2e3dimMUyj67E8GELwcD96HiJeXa4diKVkmn8A5wf4rt	bin 100	1.000	89793	63092	dlmm	GmJw78ij3xHiSBzHLqj1pPUS89NZqjU6YaEDuSXavUxt	bin 200	2.000	10933	1538	2.030	3.000	-0.970
RKC	7HgfXftRBBqsYtAEYcqjGLQrNJLL6Tww9ek4rE3Apump	7420	true	2	6867	dlmm	ATsPPNvrjenUDCGrRqAsH1DaGYVw5Xz3Kk5S67ePYRQD	bin 50	0.500	5256	5827	dlmm	Bmovbz2FMD3qgTYfKE7wJHJbm8MJDvHCn9ZCAreCA9RR	bin 100	1.000	38895	1039	0.530	1.500	-0.970
PUMPCADE	Eg2ymQ2aQqjMcibnmTt8erC6Tvk9PVpJZCxvVPJz2agu	4609	true	3	7676	dlmm	AY2GKBFGhFKJ7vzy5V7fYzRu7kbWByfFSG8zZQjPqVSe	bin 100	1.000	62609	5536	dlmm	DxzGiD1HNDvtjHqPXXimoCEGTtFkCiDqp86G593UxA5i	bin 100	2.000	8360	83	2.010	3.000	-0.990
USDUC	CB9dDufT3ZuQXqqSfa1c5kY935TEreyBw9XJXxHKpump	14967	true	2	32119	dlmm	67C4rdUriP9EFbUo7CeoiFhM52Jgu9LZpe37Jk2k1tHZ	bin 80	1.005	6919	148	dlmm	6qs6RBvKxaw1ncWrXyiZt4RCju8w2RWe3vY1WFVK5wuH	bin 30	0.307	58899	31971	0.203	1.312	-1.109
TripleT	J8PSdNP3QewKq2Z1JJJFDMaqF7KcaiJhR7gbr5KZpump	21664	true	2	49646	dlmm	9yBNQXcptGu7YWGrM2ZnTU4RFBB3VRAoBBd7yYDpe9GP	bin 25	0.252	5958	31120	dlmm	3WY9N19nTtPSqrbWTeaFn2HfJ9MfdyLRSrRvy97GnDgY	bin 80	1.005	60162	18525	0.100	1.257	-1.157
MADE	EpXtn6xGoZ4Y45vRjiDUHSCGbBoJD5FaEqZbF98YswH1	3897	true	2	37169	dlmm	FxPPZGPiTNYzgdMkNgAkA8QRZjNxurjBo7JgPt9z4T5X	bin 100	1.000	19459	26681	dlmm	7L2LKvePenkW3vycytdQ2r7ok3Nj2Es8M3vThSiNZYbi	bin 50	0.500	6682	10488	0.319	1.500	-1.181
GHOST	BBKPiLM9KjdJW7oQSKt99RVWcZdhF6sEHRKnwqeBGHST	15279	true	2	25191	damm	D4RsTBHeborjgvM1fXZYWJNnoLBopqUSBM4FDzHwRPaM	full	1.000	97064	20150	dlmm	9RRDon6SarD7uR7VdoWfgQMQBgk9fAHDXgkY2nMcU4ri	bin 80	0.600	5834	5041	0.310	1.600	-1.290
PENGU	2zMMhcVQEXDtdE6vsFS7S7D5oUodfJHE8vd1gnBouauv	557985	true	2	23005	dlmm	A3N64gxHQL8b2cQ75JM3nVqoRFYWmntaEUFfDmhYe1Nv	bin 20	0.200	68677	22917	dlmm	B7vo5GWKdSxeASDsSshwiN2G4AMwmsMcMZ3wUwSCRR1	bin 100	2.000	18629	88	0.654	2.200	-1.546
Cupsey	6NwarBvDkXhByqVp2Qkq5i9XbtA2B3Bwe8SWGu9vpump	13063	true	3	8395	damm	HnBiyCc7sagLadU6SMQM6ix4XHkyTPDGeifYbuDZMHqT	full	1.000	8346	1356	damm	5xQ1VxeBpDSDJY5yrkVYocUZchLhYb36e9uW2whYgYe6	full	1.000	18530	4690	0.018	2.000	-1.982
Buttcoin	Cm6fNnMk7NfzStP9CZpsQA2v3jjzbcYGAxdJySmHpump	20746	true	2	85775	dlmm	FmMXv9kLxzn1vaJXMD4rnWumeYVchtwinyVJ9zxBJqjM	bin 80	2.000	272436	32949	dlmm	6NxcGCXFT1mYJMcr5uZuBEvLpqJ23Ntp6G3SJSDaMGRR	bin 50	0.500	20233	52826	0.263	2.500	-2.237
Chonketha	HcfnJxLov6tY8i1dq9uYRRZKCvxADPpovcfkyXzdpump	4858	false	2	3502	damm	Asy8McAGQ2L7UAf7Ddm1shqSDbXfvi22wmpyMTvwdhHG	full	1.000	13199	2709	dlmm	F18pMsjajVztK8HPJThChK9ecSbKMUhAbZtX85Gyg6Wp	bin 100	2.000	6748	792	0.354	3.000	-2.646
